CompanyName,PhoneNumbers
"Elite Mindz | #1 Mobile App Development Company in Delhi, India | Software Development Company in Delhi, India",[]
MLM Software Company in Delhi | MLM Software Development Company in Delhi | India - SOFTKWIT,"['+91-7291827082', '+91-7291827082', '9888932306', '+91-7291827082', '9888932306', '12411173644829963418', '+91-7291827082', '+91 9681778771', '+91 6289609460', '+91 9681778771', '+91 6289609460', '91-7291827082', '91-7291827082']"
MLM Software Company in Delhi- Best MLM Software Developer,"['7310185483', '7310185483', '011-65001505', '7290094451', '+91 9582569545', '099531 19957', '101724958998546', '9216513555', '+92-302-4222216']"
Bloatware IT Software Company | Software Development Company | Website Designing Company | ERP Software | CRM Software | MLM,"['+919713330106', '+919713330106 1', '+91 8700583916', '+91-7709867414', '+91-7218990268', '561688303925679', '9643054453', '+91 8279761655', '757451351541683', '+91 7227880146', '+91 9998823403', '+91 124 436 5503']"
SLN Softwares - Software Development Company,['9941911766']
SAVENZER SOFTTECH PVT. LTD. | Website Design Company Delhi | Software Development Delhi | Digital Marketing in Delhi,"['7042289594', '09807526592', '8920976591', '7042289594', '9657403102', '+91-9811886234', '919811886234']"
"Softkingo - Top Mobile App & Web Development Company in India, Delhi, NCR",[]
"RSS INFOTECH PVT.LTD(India Top App Development Company Android, IOS, Website, Game development) )","['+919586449333', '+919974389856']"
Bloatware IT Solutions | Software Development Company | Mobile Apps Development | CRM Development | ERP Software,"['+91 9488946216', '7004792119', '7209498344', '+91 9488946216', '+91 9836626299\n(033) 48028513', '+91 9836626299\n   (033) 48028513', '+91 78029 39606', '+91 7827530042', '+919713330106', '+919713330106', '+919981866409']"
Bagwar Softwares Private Limited - Web Development Company in Delhi,"['409001022842', '+917834949493', '+917834949493', '+919773747705', '409001022842', '+917834949493', '+917834949493', '+919696747534', '409001022842', '+917834949493', '+917834949493', '+919773747705', '409001022842', '+917834949493', '+917834949493', '+919773747705', '409001022842', '+917834949493', '+917834949493', '+919773747705', '409001022842', '+917834949493', '+917834949493', '+919696747534', '409001022842', '+917834949493', '+917834949493', '+919696747534', '409001022842', '+917834949493', '+917834949493', '+919696747534']"
Codeyiizen Software & Services Pvt Ltd.,"['9266913291', '+91-9266913291']"
Jabit Soft Pvt. Ltd. || Top Mobile App Development Company in India | Software Development Company in India,"['+91 6375175646', '+91 7780213498', '+91-9971531430', '+91-9810879455', '+91-0612-2218540', '+91-7979078552', '9431047956', '4643483805757150']"
Perfectiongeeks Technologies,[]
"Digital Marketing Agency, Software Development Company, SEO Services Company in Delhi","['093134 44700', '+91 8448809009', '+91 9506629981', '011-6926 8187', '+91 9506629981', '7207308272', '+91-11-470-51-378', '+91-7827742414', '9540434299', '8510819003', '9540434299', '8510819003']"
"BestWebs - Website, App & Software Development Company in Delhi","['60102221171', '60102221171', '60102221171', '60102221171', '60102221171', '60102221171', '60102221171', '60102221171', '60102221171', '60102221171', '60102221171']"
Delhi Technologies,"['8527155133', '9555558821', '9811148463', '8527155133', '9555558821', '9811148463']"
Defuzed - Web & Mobile App Development Company in Delhi,['051 400 6900']
MLM Software Developer | MLM Software Company,"['92140-60999', '101724958998546', '+91 9953119957', '9639588314', '+919639588314', '9639588314', '+91 9639588314', '92140-60999', '92140-60999', '09700340870', '92140-60999', '92140-60999']"
"EitBiz - Software, Mobile App & Web Development Company",[]
EMV Softwares Pvt. Ltd.,"['7989715048', '+91-9212345320', '011-27513192', '9108013329']"
DataSlexIndia | On-Demand Software Development Company,[]
"Corewave - Top Mobile App Development Company in Delhi | Android App Development Company, iOS App Development in Delhi, NCR",['8588824763']
Brainstack Technologies - Software company in Delhi,[]
AO Software Solution Website Designing company-website development company-product promotion and ERP development company,"['+91-8109045666', '+91-8109045666', '7276105369', '7559450369', '+91-8109045666', '9625009339', '8860402106']"
Go Business india | Mobile App Development | Web Development | Digital Marketing Company | IT Company Delhi,"['+918810633986', '+919310142345', '+91 912 193 9036', '+91 9955420675', '+91 9955420675', '+91-976-414-1381']"
Oprezo India Private Limited | Mobile App Development |Hybrid App Development |Website Development | Digital Marketing Agency,"['+917720083881', '+91-9491789988', '+91-6394571765', '+91-9966894449', '7015612699', '+91-9677261485', '0674)2581250', '+44 7795 275379']"
Exclogy Software Solutions Pvt. Ltd,[]
Indus Software Solutions - Inventory Management Software Company in Delhi,"['+91-8800200230', '+91-9871395683', '+91-8800200230', '+91-9871395683', '+919999283283', '+91-8800200230', '+91-9871395683', '+919999283283', '+91-8800200230', '+91-9871395683', '+91 9953803290', '+919999283283', '+91 9953803290', '9600159991', '+919641291952', '+919999283283']"
Meentosys Private Limited - Mobile App Development & Website Designing Company,"['+91-9025555584', '+919713330108', '535102474530165', '7974564027', '9111637742']"
i-softinc - Mobile App Development Company Delhi,"['+91-9997405076', '9675441645', '9812318159', '+91-9891764802', '+91-9891764802', '+91 8474997443', '+91 8474997443', '8168946690', '8168946690', '9992247444']"
DxMinds,['+91 87674 39303']
Globe Alley Tech. - Software Development Company,"['+91 84217 74604', '+1 214 272 0254', '+93 788 61 60 32', '+92 213 485 4443', '+92 346 082 9252']"
Diinfotech,"['9040358121\n9437368121', '+9199677 30283', '9595487657\n30', '9595487657\n30', '9595487657\n30']"
Mega Softwares,"['0335-2219646', '+923352219646', '+923213199646', '03213199646\n0335-2219646', '+92 3352219646', '+92 3213199646', '+923352219646', '+923213199646', '03213199646\n0335-2219646', '+923352219646', '+923213199646', '+923352219646', '+92323199646', '+923352219646', '+923213199646', '03213199646\n0335-2219646']"
Handleey Software (India) Private Limited,[]
"The Nth Bit Labs -Hire software development company in India | Custom software development | Web App, Mobile Apps development","['+91-8277304174', '+1 (786) 886 5092', '+1(408) 616 7216', '+1(707) 222-5778', '+91 8601366696', '+1 (786) 886 5092', '+1(408) 616 7216', '+1(707) 222-5778', '+91-9718-259878', '600074350745820', '+91-9999244854']"
Axis Software Solutions,[]
VABPS EASY SOLUTIONS,"['1143922201', '60194104101', '0108484728', '09239082943', '0705031180']"
Grorapid Labs - Top Software Development Company in India,"['093906 83154', '+09390683154', '093906 83154', '+09390683154']"
Software IT Solution,"['92-311-1441425\n0300 8837687', '92 300 8837687\n92 311 1441425']"
onBook Technologies,"['9103895219', '99885-21500', '8894947437', '9412234612', '+91 79759 22562', '8894947437', '9412234612']"
Focus Infosoft Pvt. Ltd.,[]
"Mobile App & Software Development Company in Delhi | Android, iOS, Education, Real Estate, eCommerce, Fintech App Development",[]
Triple-S Software (Horosoft),[]
Bitbyte Creations,"['27680164398', '27680164398', '27680164398', '27680164398']"
Vision Solution - Insurance Software for Agents & Brokers | Mutual Fund Software for Distributers| Web Development Services,[]
Radiance Solution,"['074 0 76 79 89', '074 0 76 79 89', '+91- 8890870000', '+918890870000', '+91- 8890870000', '+918890870000']"
Momentum Software,['9844025544']
website development company in delhi,"['+91-7488774467', '9718465735', '09034904710', '09034904710', '+91-7988983597', '+91-7404510562', '+91 7015612699', '+91-8750042190']"
GEEK JARVIS,[]
Code Web Creation | Software Company In Delhi | Digital Marketing Agency In Delhi,"['+91-7060452354', '8686171070', '8686171070', '+91 7042289594', '7042289594', '7982144104', '011-42821306', '+91 8810447287', '+91-9997405076', '9675441645', '+91- 7530879327', '7011636097', '9953152169', '7217619919', '6000\n100000', '+91 8800203902', '+91 93151 67002', '7532827337']"
"Easy Solutions 360 - Website, App & Software Development Company in Delhi","['1300 668 108', '+91-8299054269', '868) 360-2197', '1300 668 108', '1300 668 108', '+91-8299054269', '+91 79046 19189']"
ManageSoft / Gym Software Solution,"['+91 8130144974', '+91 8130144975', '+918130144974', '+918130144975', '+918130144974', '+918130144975', '0853079235', '+91 8130144974', '+91 8130144975', '+918130144974', '+918130144975', '+918130144974', '+918130144975', '+91 8130144974', '+91 8130144975', '+91 8130144974', '+91 8130144975', '+918130144974', '+918130144975', '+918130144974', '+918130144975']"
Incredible Softwares,"['0713674289', '0713674289', '0713674289', '0713674289']"
"Carecone Technologies pvt. ltd. Mobile App Development, ios App Development Company, Software App Development company","['+91 8296029124', '+91 8296029124', '+91 8296029124', '+91 7304141777', '+91 8296029124', '+91 8296029124', '+91 8296029124', '+91-9597770282', '+91-4317969043', '+91 8296029124']"
Software Company in Delhi NCR,"['+91 9313953484', '9910881802', '98174 76638', '+91-8750356111', '91-72918927082', '91-7291827082', '91-7291827082', '+91-9971673684', '097163 74170', '+91 9313953484', '9910881802']"
Top Website Development Company in Delhi | Best Website Designing Company in Delhi NCR - CodexEra Technology LLP,"['+91-7065740676', '9582446383', '+91-7065740676', '9582446383', '+91-7065740676', '9582446383', '+91-7065740676', '9582446383', '+91-7065740676', '9582446383', '+1 863 614 0965']"
JaiWebSoft Technologies,[]
Web & Software Development Company in India | kitDeveloper,"['09034904710', '09034904710']"
Infokey Technology Private Limited,"['+267 398 6563', '+267 398 1111', '+267 395 36195', '36 44 000', '36 44 001', '+267 3913328', '267 3913289', '7042498602', '+91-7053448701', '+91-7065964969', '3790275834627869', '100009364707637', '+91 9311240651', '+91-7053448701', '+91-7065964969', '07718064506']"
Acnosoft - Web Design and Digital Marketing Agency,[]
Gcon Technologies,"['+918076246066', '8076246066', '8076246066', '8076246066', '9267927251', '8076246066', '8076246066', '9267927251', '8076246066']"
WEB3CREATIONS,"['+91-9310677101', '+91-9310677101', '+919910053093', '+91-9310677101', '+91-9310677101', '+91-9310677101', '9310677101']"
Digi Interacts Private Limited,"['+91 8262847516', '+91 8956387516', '06-12-2023']"
The Appschef,"['1084460033', '1213293543', '1369064527']"
software,[]
