Title,Address,PhoneNumber,WebsiteURL,Department
iConcept Software Services Pvt. Ltd.,"Hitech City, Madhapur, Hyderabad, Telangana 500081",04066037000,https://www.google.com/maps/contrib/113573552027242072478,Software company
Oracle India Private Limited,"Enclave, HITEC City, Hyderabad, Telangana 500081",04067244000,https://business.google.com/create?fp=324436881661749773&hl=en&authuser=0&gmbsrc=in-en-et-ip-z-gmb-s-z-l~mrc%7Cclaimbz%7Cu&ppsrc=GMBMI&utm_campaign=in-en-et-ip-z-gmb-s-z-l~mrc%7Cclaimbz%7Cu&utm_source=gmb_mrc81&utm_medium=et&getstarted&lis=0,Software company
Grepthor Software Solutions Pvt Ltd,"City Rd, Kondapur, Hyderabad, Telangana 500081",09133700555,https://www.google.com/maps/contrib/105037797994664695883,Software company
Aptude Software Solutions India (P) Ltd,"White Field Rd, Kondapur, Telangana 500084",04064632584,https://business.google.com/create?fp=3873802375795440235&hl=en&authuser=0&gmbsrc=in-en-et-ip-z-gmb-s-z-l~mrc%7Cclaimbz%7Cu&ppsrc=GMBMI&utm_campaign=in-en-et-ip-z-gmb-s-z-l~mrc%7Cclaimbz%7Cu&utm_source=gmb_mrc81&utm_medium=et&getstarted&lis=0,Software company
Snovasys Software Solutions Ltd,"Nagar, HITEC City, Hyderabad, Telangana 500072",07944144944,https://www.snovasys.com/,Software company
MedPlus Software Solutions,"Enclave, HITEC City, Hyderabad, Telangana 500081",-,https://business.google.com/create?fp=7116229109508161548&hl=en&authuser=0&gmbsrc=in-en-et-ip-z-gmb-s-z-l~mrc%7Cclaimbz%7Cu&ppsrc=GMBMI&utm_campaign=in-en-et-ip-z-gmb-s-z-l~mrc%7Cclaimbz%7Cu&utm_source=gmb_mrc81&utm_medium=et&getstarted&lis=0,Software company
Vedams Towers,"83D, Patrika Nagar, Hyderabad, Telangana 500081",04023114734,https://www.google.com/maps/contrib/102330978320597658841,Software company
HCL Technologies Limited,"Sez Internal Rd, Hyderabad, Telangana 500081",-,https://www.google.com/maps/contrib/104910422251549021629,Software company
Techbion Software Systems Pvt Ltd,"Hitech City, Madhapur, Hyderabad, Telangana 500081",-,https://business.google.com/create?fp=1409486288405215741&hl=en&authuser=0&gmbsrc=in-en-et-ip-z-gmb-s-z-l~mrc%7Cclaimbz%7Cu&ppsrc=GMBMI&utm_campaign=in-en-et-ip-z-gmb-s-z-l~mrc%7Cclaimbz%7Cu&utm_source=gmb_mrc81&utm_medium=et&getstarted&lis=0,Software company
Othain Software Services India (PVT.LTD),"City Rd, Whitefields, Kondapur, Telangana 500084",04023119666,https://www.othain.com/,Software company
Matrix software company,"2, HITEC City, Hyderabad, Telangana 500081",-,https://www.matrix-software.com/,Software company
Archents IT India Pvt. Ltd,"HUDA Techno Enclave, Madhapur, Telangana 500081",04040066193,https://business.google.com/create?fp=18173729783696811833&hl=en&authuser=0&gmbsrc=in-en-et-ip-z-gmb-s-z-l~mrc%7Cclaimbz%7Cu&ppsrc=GMBMI&utm_campaign=in-en-et-ip-z-gmb-s-z-l~mrc%7Cclaimbz%7Cu&utm_source=gmb_mrc81&utm_medium=et&getstarted&lis=0,Software company
Unique IT Solutions,"Towers, Hitech City, Madhapur, Telangana 500081",04029707072,https://business.google.com/create?fp=11709838071832235513&hl=en&authuser=0&gmbsrc=in-en-et-ip-z-gmb-s-z-l~mrc%7Cclaimbz%7Cu&ppsrc=GMBMI&utm_campaign=in-en-et-ip-z-gmb-s-z-l~mrc%7Cclaimbz%7Cu&utm_source=gmb_mrc81&utm_medium=et&getstarted&lis=0,Software company
Sciens Software Technologies LLP,"Jaihind Enclave, Madhapur, Hyderabad, Telangana 500081",09248487979,https://www.google.com/maps/contrib/104972858898925711730,Software company
BeautifulCode,"Cyber City, Whitefields, Kondapur, Telangana 500081",09166209556,https://support.google.com/contributionpolicy/answer/7400114?ref_topic=7422769,Software company
Accpre Software Technologies Pvt. Ltd.,"Siddhi Vinayak Nagar, Madhapur, Telangana 500081",07306440055,https://support.google.com/contributionpolicy/answer/7400114?ref_topic=7422769,Software company
Sage IT,"Enclave, HITEC City, Kondapur, Telangana 500081",04029324408,https://www.sageitinc.com/,Software company
Super secure Apps,"Whitefields, HITEC City, Hyderabad, Telangana 500081",08699699346,https://supersecureapps.com/,Software company
OSI Digital,"Hitech City Rd, Madhapur, Telangana 500081",04030410001,https://www.google.com/maps/contrib/102597090166231512248,Software company
"Cloud Odyssey IT Solutions Pvt. Ltd. - Hyderabad, Telangana.","IT city, Rai Durg, Telangana 500081",08049019134,https://cloudodyssey.co/,Software company
Centroid IT Systems - Hyderabad,"Hitech City, Madhapur, Hyderabad,, Telangana 500081",02484659533,https://business.google.com/create?fp=12358187213777970511&hl=en&authuser=0&gmbsrc=in-en-et-ip-z-gmb-s-z-l~mrc%7Cclaimbz%7Cu&ppsrc=GMBMI&utm_campaign=in-en-et-ip-z-gmb-s-z-l~mrc%7Cclaimbz%7Cu&utm_source=gmb_mrc81&utm_medium=et&getstarted&lis=0,Software company
axas software development,"Whitefields, HITEC City, Kondapur, Telangana 500081",-,https://www.google.com/maps/contrib/104105111396336956297,Software company
Gspann,"Siddiq Nagar, Madhapur, Hyderabad, Telangana 500081",04064551388,https://www.gspann.com/,Software company
DesIDEA Software Technologies Pvt Ltd,"2, HITEC City, Hyderabad, Telangana 500081",08003093593,https://www.google.com/maps/contrib/101365713461848228492,Software company
Softility,"City Main Rd, Madhapur, Telangana 500081",04049589960,https://www.google.com/maps/contrib/113201220881943794856,Software company
SAILOTECH Private Limited,"2, HITEC City, Hyderabad, Telangana 500081",04040022002,https://www.google.com/maps/contrib/101657753234267992907,Software company
Enquero Global (Hyderabad),"Cyber City, Whitefields, Kondapur, Telangana 500081",04068150024,https://business.google.com/create?fp=8297585154367737208&hl=en&authuser=0&gmbsrc=in-en-et-ip-z-gmb-s-z-l~mrc%7Cclaimbz%7Cu&ppsrc=GMBMI&utm_campaign=in-en-et-ip-z-gmb-s-z-l~mrc%7Cclaimbz%7Cu&utm_source=gmb_mrc81&utm_medium=et&getstarted&lis=0,Software company
Vuesol Software Solutions Pvt. Ltd,"Nagar, HITEC City, Hyderabad, Telangana 500081",-,https://www.vuesol.com/,Software company
Future Tech IT Global Services Pvt LTD,"Hitech City Rd, Madhapur, Telangana 500081",-,https://business.google.com/create?fp=1174952933170922755&hl=en&authuser=0&gmbsrc=in-en-et-ip-z-gmb-s-z-l~mrc%7Cclaimbz%7Cu&ppsrc=GMBMI&utm_campaign=in-en-et-ip-z-gmb-s-z-l~mrc%7Cclaimbz%7Cu&utm_source=gmb_mrc81&utm_medium=et&getstarted&lis=0,Software company
C360 Software,"Mall Rd, HITEC City, Telangana 500081",09154927351,https://c360soft.ai/,Software company
Unis Technosoft Pvt. Ltd,"google office, Kondapur, Hyderabad, Telangana 500084",09398343823,https://www.unistechnosoft.com/,Software company
Halcyon Technologies Pvt Ltd,"Madhapur, HITEC City, Hyderabad, Telangana 500081",04023115591,https://www.google.com/maps/contrib/105289269931566610311,Software company
US Tech Solutions Private Limited,"Nagar, HITEC City, Hyderabad, Telangana 500081",04066309600,https://business.google.com/create?fp=3461282881582946253&hl=en&authuser=0&gmbsrc=in-en-et-ip-z-gmb-s-z-l~mrc%7Cclaimbz%7Cu&ppsrc=GMBMI&utm_campaign=in-en-et-ip-z-gmb-s-z-l~mrc%7Cclaimbz%7Cu&utm_source=gmb_mrc81&utm_medium=et&getstarted&lis=0,Corporate office
"Sparity - Digital Transformation, Software Development, & IT Services - Hire On-Demand Developers - Sparity","Rao Nagar, Madhapur, Hyderabad, Telangana 500081",04064650707,https://www.sparity.com/,Software company
Tech Mahindra Infocity,"Layout, Jubilee Enclave, Madhapur, Telangana 500081",04030636363,https://www.google.com/maps/contrib/109218990635511303654,Corporate campus
Solutohub Technologies Llp,"Nagar, Hi-Tech City, Madhapur, Telangana 500081",08919704709,https://support.google.com/contributionpolicy/answer/7400114?ref_topic=7422769,Software company
Askmeguru Technologies,"Mega Hills, Madhapur, Hyderabad, Telangana 500081",08885051616,https://www.google.com/maps/contrib/107736626159649148949,Software company
Neobric IT Solutions Pvt Ltd,"Nagar, HITEC City, Hyderabad, Telangana 500081",-,https://www.google.com/maps/contrib/106369606074437670418,Software company
Tata Consultancy Services-Deccan Park,"Techno Enclave, Madhapur, Hyderabad, Telangana 500081",04066672000,https://business.google.com/create?fp=4343597916136245666&hl=en&authuser=0&gmbsrc=in-en-et-ip-z-gmb-s-z-l~mrc%7Cclaimbz%7Cu&ppsrc=GMBMI&utm_campaign=in-en-et-ip-z-gmb-s-z-l~mrc%7Cclaimbz%7Cu&utm_source=gmb_mrc81&utm_medium=et&getstarted&lis=0,Software company
Adaptive Software Solutions,"2, HITEC City, Hyderabad, Telangana 500081",04066588363,https://business.google.com/create?fp=16802358844175923257&hl=en&authuser=0&gmbsrc=in-en-et-ip-z-gmb-s-z-l~mrc%7Cclaimbz%7Cu&ppsrc=GMBMI&utm_campaign=in-en-et-ip-z-gmb-s-z-l~mrc%7Cclaimbz%7Cu&utm_source=gmb_mrc81&utm_medium=et&getstarted&lis=0,Software company
Whisk Software Pvt Ltd,"Siddiq Nagar, Madhapur, Hyderabad, Telangana 500081",-,https://business.google.com/create?fp=11749259991016692110&hl=en&authuser=0&gmbsrc=in-en-et-ip-z-gmb-s-z-l~mrc%7Cclaimbz%7Cu&ppsrc=GMBMI&utm_campaign=in-en-et-ip-z-gmb-s-z-l~mrc%7Cclaimbz%7Cu&utm_source=gmb_mrc81&utm_medium=et&getstarted&lis=0,Software company
Versatile IT Solutions,"near Ramalayam, Kondapur, Hyderabad, Telangana 500084",09701930011,https://www.versatileitsol.com/,Software company
Indium Software (India) Private Limited,"City Rd, Kondapur, Hyderabad, Telangana 500084",01420300014,https://www.indiumsoftware.com/,Software company
Edvenswa Tech Pvt. Ltd.,"Hitech City Rd, Madhapur, Telangana 500081",04042039977,https://www.google.com/maps/contrib/110428040572505509223,Software company
Techzert Software - IBM Business Partner | ISO 20022 Migration Service | Cloud Integration & Paymant Modernization,"Whitefields, HITEC City, Kondapur, Telangana 500081",08433500287,https://www.techzert.com/,Software company
Volio Technologies Limited,"nagar, Hitech city, Madhapur, Telangana 500081",04048506879,https://www.google.com/maps/contrib/110508136276070483428,Software company
Savina Software Pvt Ltd,"Nagar,Hitech City, Madhapur, Hyderabad, Telangana 500081",04049524999,https://www.savinasoft.com/,Software company
Pegasystems India,"Hitech City Rd, Madhapur, Telangana 500081",04030555600,https://www.pega.com/,Software company
Shanrohi Technologies Pvt Ltd,"Hitech City, Madhapur, Hyderabad, Telangana 500081",09959969928,https://www.rampglobal.com/workshop.php,Software company
SOWEDANE IT SOLUTIONS PVT LTD,"Nagar, HITEC City, Hyderabad, Telangana 500081",-,https://support.google.com/contributionpolicy/answer/7400114?ref_topic=7422769,Software company
Metaminds Software Solutions Ltd,"Towers, Hitech City, Madhapur, Telangana 500081",04040061000,https://www.mondee.com/,Software company
Tech Cloud ERP,"Jaihind Enclave, Madhapur, Hyderabad, Telangana 500081",04048533070,https://techclouderp.com/,Software company
DXC Technology,"Enclave, HITEC City, Hyderabad, Telangana 500081",-,https://business.google.com/create?fp=532217497354026073&hl=en&authuser=0&gmbsrc=in-en-et-ip-z-gmb-s-z-l~mrc%7Cclaimbz%7Cu&ppsrc=GMBMI&utm_campaign=in-en-et-ip-z-gmb-s-z-l~mrc%7Cclaimbz%7Cu&utm_source=gmb_mrc81&utm_medium=et&getstarted&lis=0,Software company
Qvantel Software Solutions Ltd.,"Avenue, HITEC City, Hyderabad, Telangana 500081",-,https://business.google.com/create?fp=5887713053742540016&hl=en&authuser=0&gmbsrc=in-en-et-ip-z-gmb-s-z-l~mrc%7Cclaimbz%7Cu&ppsrc=GMBMI&utm_campaign=in-en-et-ip-z-gmb-s-z-l~mrc%7Cclaimbz%7Cu&utm_source=gmb_mrc81&utm_medium=et&getstarted&lis=0,Software company
Suchi Software Solutions,"City Rd, Whitefields, Kondapur, Telangana 500081",04040214328,https://business.google.com/create?fp=4879976070053317899&hl=en&authuser=0&gmbsrc=in-en-et-ip-z-gmb-s-z-l~mrc%7Cclaimbz%7Cu&ppsrc=GMBMI&utm_campaign=in-en-et-ip-z-gmb-s-z-l~mrc%7Cclaimbz%7Cu&utm_source=gmb_mrc81&utm_medium=et&getstarted&lis=0,Software company
Gainsight,"Main Rd, Madhapur, Telangana State 500081",-,https://business.google.com/create?fp=2718349543597330395&hl=en&authuser=0&gmbsrc=in-en-et-ip-z-gmb-s-z-l~mrc%7Cclaimbz%7Cu&ppsrc=GMBMI&utm_campaign=in-en-et-ip-z-gmb-s-z-l~mrc%7Cclaimbz%7Cu&utm_source=gmb_mrc81&utm_medium=et&getstarted&lis=0,Software company
Techadlien Private Limited,"Colony, Whitefields, Kondapur, Hyderabad, Telangana 500081",07075985834,https://www.techadlien.com/contact.html,Software company
Techally Labs - IT & Software Development Company,"Naik Nagar, Madhapur, Hyderabad, Telangana 500081",09985202223,https://www.google.com/maps/contrib/104033141604650919785,Software company
Danyon IT Technology Pvt Ltd,"Jaihind Enclave, Madhapur, Hyderabad, Telangana 500081",-,https://danyonittech.in/,Software company
Vaarahi Software Solutions,"Hitech City Rd, Hyderabad, Telangana 500081",-,https://support.google.com/contributionpolicy/answer/7400114?ref_topic=7422769,Software company
SUNACE TECHNOLOGIES PVT LTD,"Whitefields, HITEC City, Hyderabad, Telangana 500081",-,https://forms.gle/j5tUqBKrpxpKNjjC9,Software company
AutoRABIT Software,"Avenue, HITEC City, Hyderabad, Telangana 500081",04023112111,https://www.autorabit.com/,Software company
Mannya Techno Solutions,"Whitefields, HITEC City, Hyderabad, Telangana 500081",09253994225,https://www.mannyats.com/,Software company
Verizon India,"City Rd, Madhapur, Hyderabad, Telangana 500081",04044005900,https://business.google.com/create?fp=11344373857770787091&hl=en&authuser=0&gmbsrc=in-en-et-ip-z-gmb-s-z-l~mrc%7Cclaimbz%7Cu&ppsrc=GMBMI&utm_campaign=in-en-et-ip-z-gmb-s-z-l~mrc%7Cclaimbz%7Cu&utm_source=gmb_mrc81&utm_medium=et&getstarted&lis=0,Software company
Lyros Technologies Private Limited,"Nagar, HITEC City, Hyderabad, Telangana 500081",09133456915,https://support.google.com/contributionpolicy/answer/7400114?ref_topic=7422769,Software company
MobileIron/Ivanti India,"Hitech City Rd, Kothaguda, Telangana 500084",04066405700,https://www.google.com/maps/contrib/112235432218403656302,Software company
Microden,"Techno Enclave, Madhapur, Hyderabad, Telangana 500081",09133009933,https://www.microdensoftware.com/,Software company
Sonix IT Solutions,"Nagar, HITEC City, Hyderabad, Telangana 500081",-,https://business.google.com/create?fp=14565231065999907068&hl=en&authuser=0&gmbsrc=in-en-et-ip-z-gmb-s-z-l~mrc%7Cclaimbz%7Cu&ppsrc=GMBMI&utm_campaign=in-en-et-ip-z-gmb-s-z-l~mrc%7Cclaimbz%7Cu&utm_source=gmb_mrc81&utm_medium=et&getstarted&lis=0,Software company
ExpertEase Software (India) Private Limited,"Towers, Whitefields, Kothaguda, Kondapur, Telangana 500084",04047473333,https://www.google.com/maps/contrib/111260371141515282860,Software company
Fiorano Software Technologies,"Mindspace, HITEC City, Hyderabad, Telangana 500081",-,https://support.google.com/contributionpolicy/answer/7400114?ref_topic=7422769,Software company
Yashvi Web Tech Private Limited,"Whitefields, HITEC City, Hyderabad, Telangana 500033",08341062567,https://business.google.com/create?fp=15387818804415895444&hl=en&authuser=0&gmbsrc=in-en-et-ip-z-gmb-s-z-l~mrc%7Cclaimbz%7Cu&ppsrc=GMBMI&utm_campaign=in-en-et-ip-z-gmb-s-z-l~mrc%7Cclaimbz%7Cu&utm_source=gmb_mrc81&utm_medium=et&getstarted&lis=0,Software company
TCS Kohinoor Park,"1, HITEC City, Hyderabad, Telangana 500084",04066678888,https://www.google.com/maps/contrib/100989777060469078557,Software company
Netxcell Limited,"2, HITEC City, Hyderabad, Telangana 500081",04044617200,https://www.google.com/maps/contrib/116626303529939754569,Software company
HONNEX SOFTWARE SOLUTIONS,"Paradise, HITEC City, Hyderabad, Telangana 500081",04065557575,https://support.google.com/contributionpolicy/answer/7400114?ref_topic=7422769,Software company
Hexagon Capability Center India Private Limited,"5, HITEC City, Madhapur, Telangana 500081",04071035000,https://www.google.com/maps/contrib/102549206137951722818,Software company
Analogue IT Solutions - App Development Company,"Nagar, HITEC City, Hyderabad, Telangana 500081",08919088163,https://analogueitsolutions.com/?utm_source=GMB&utm_medium=Organic+posts&utm_campaign=Organic+GMB+Promotions,Software company
Vinnag Ai Apps (VCS ),"Whitefields, HITEC City, Hyderabad, Telangana 500081",09703523729,https://www.vinnag.com/,Software company
Carbynetech India Private Limited.కార్బైన్ టెక్ ఇండియా ప్రైవేట్ లిమిటెడ్,"Rd, HITEC City, Hyderabad, Telangana 500081",-,https://www.google.com/maps/contrib/118169015117943190012,Software company
HABIB IT SOLUTIONS PRIVATE LIMITED,"Hitech City Rd, Kondapur, Telangana 500081",-,https://www.google.com/maps/contrib/117710120226270401607,Software company
C2S Technologies India Pvt Ltd,"Hitech City Madhapur, Hyderabad, Telangana 500081",04252562250,https://www.google.com/maps/contrib/115861449053376473924,Software company
Sanela Health Technologies,"Hitech City Rd, Kondapur, Telangana 500084",09100052009,https://sanelahealth.com/,Software company
Neudesic Technologies Private Limited,"Cyber City, Whitefields, Kondapur, Telangana 500081",04040072112,https://business.google.com/create?fp=12679820453858285738&hl=en&authuser=0&gmbsrc=in-en-et-ip-z-gmb-s-z-l~mrc%7Cclaimbz%7Cu&ppsrc=GMBMI&utm_campaign=in-en-et-ip-z-gmb-s-z-l~mrc%7Cclaimbz%7Cu&utm_source=gmb_mrc81&utm_medium=et&getstarted&lis=0,Software company
Maximind Software Solutions Pvt Ltd,"HSBC, Hitech City, Madhapur, Telangana 500081",04066514466,https://www.google.com/maps/contrib/102278141311829693505,Software company
Pride Software Technologies,"Nagar, HITEC City, Hyderabad, Telangana 500081",-,https://support.google.com/contributionpolicy/answer/7400114?ref_topic=7422769,Software company
CAMP Systems Private Limited,"City Rd, Kondapur, Hyderabad, Telangana 500084",04066275000,https://www.google.com/maps/contrib/104071906630849524073,Software company
BlueCloud,"City Rd, Madhapur, Kondapur, Telangana 500081",-,https://www.blue.cloud/,Software company
Enormous IT Services Pvt. Ltd,"Nagar, HITEC City, Hyderabad, Telangana 500081",04048553545,https://www.google.com/maps/contrib/103982175601091418724,Software company
Autonetic®,"Raheja Mind Space, Hyderabad, Telangana 500081",18002081108,https://www.autonetic.com/CWS/Contact,Web hosting company
Datametica Solutions private limited,"City Main Rd, Kondapur, Telangana 500084",-,https://business.google.com/create?fp=16292963222484845353&hl=en&authuser=0&gmbsrc=in-en-et-ip-z-gmb-s-z-l~mrc%7Cclaimbz%7Cu&ppsrc=GMBMI&utm_campaign=in-en-et-ip-z-gmb-s-z-l~mrc%7Cclaimbz%7Cu&utm_source=gmb_mrc81&utm_medium=et&getstarted&lis=0,Software company
NetCracker Technology Solutions Pvt ltd,"Hitech City Rd, Madhapur, Telangana 500081",-,https://business.google.com/create?fp=18127147278034687046&hl=en&authuser=0&gmbsrc=in-en-et-ip-z-gmb-s-z-l~mrc%7Cclaimbz%7Cu&ppsrc=GMBMI&utm_campaign=in-en-et-ip-z-gmb-s-z-l~mrc%7Cclaimbz%7Cu&utm_source=gmb_mrc81&utm_medium=et&getstarted&lis=0,Software company
Naviz Analytics,"Hitech City Madhapur, Hyderabad, Telangana 500081",04255623457,https://navizanalytics.com/,Software company
Rational Technologies,"Nagar, Madhapur, Hyderabad, Hyderabad, Telangana 500018",09177958899,https://www.rationaltechnologies.com/,Software company
Accenture HDC 6,"Jubilee Gardens, Kothaguda, Hyderabad, Telangana 500084",-,https://business.google.com/create?fp=13182213885218289087&hl=en&authuser=0&gmbsrc=in-en-et-ip-z-gmb-s-z-l~mrc%7Cclaimbz%7Cu&ppsrc=GMBMI&utm_campaign=in-en-et-ip-z-gmb-s-z-l~mrc%7Cclaimbz%7Cu&utm_source=gmb_mrc81&utm_medium=et&getstarted&lis=0,Software company
EnH,"Phase 2, Madhapur, Hyderabad, Telangana 500081",04068341000,https://www.enhcorp.com/,Software company
Model N India Software Pvt. Ltd.,"Madhapur Rd, Madhapur, Hyderabad, Telangana 500081",-,https://business.google.com/create?fp=14665375927061081352&hl=en&authuser=0&gmbsrc=in-en-et-ip-z-gmb-s-z-l~mrc%7Cclaimbz%7Cu&ppsrc=GMBMI&utm_campaign=in-en-et-ip-z-gmb-s-z-l~mrc%7Cclaimbz%7Cu&utm_source=gmb_mrc81&utm_medium=et&getstarted&lis=0,Software company
axas software development,"Ayyappa Society, Madhapur, Hyderabad, Telangana 500081",07396819919,https://axassoftware.com/,Software company
Software Company,"Floor, Jubilee Enclave, Kondapur, Telangana 500081",-,https://support.google.com/contributionpolicy/answer/7400114?ref_topic=7422769,Software company
ITP Software India Pvt Ltd,"HUDA Techno Enclave, Hyderabad, Telangana 500081",09030013399,https://www.google.com/maps/contrib/102511688706768582163,Software company
Capgemini Technology Solutions India Ltd.,"Lingampally, Gachibowli Rd, Hyderabad, Telangana 500081",-,https://business.google.com/create?fp=16978867541671101514&hl=en&authuser=0&gmbsrc=in-en-et-ip-z-gmb-s-z-l~mrc%7Cclaimbz%7Cu&ppsrc=GMBMI&utm_campaign=in-en-et-ip-z-gmb-s-z-l~mrc%7Cclaimbz%7Cu&utm_source=gmb_mrc81&utm_medium=et&getstarted&lis=0,Software company
ParamInfo,"Road, Hitech City, Madhapur, Telangana 500081",08121005902,https://paraminfo.com/,Software company
ATPS GLOBAL PRIVATE LIMITED,"Road, HITEC City, Hyderabad, Telangana 500081",09346016538,https://atpsglobal.io/portfolios,Software company
CEdge India IT & Software Consultants LLP,"Whitefields, HITEC City, Hyderabad, Telangana 500081",-,https://www.cedgecorp.com/,Software company
Tanla Platforms Ltd,"Hitech City Rd, Hyderabad, Telangana 500081",04040099999,https://www.tanla.com/,Software company
Nuhvin Global Services Pvt Ltd,"City Rd, Kothaguda, Hyderabad, Telangana 500084",-,https://www.nuhvin.com/,Software company
Clairvoyant India Private Limited (Hyderabad),"Raidurgam, HITEC City, Hyderabad, Telangana 500081",02126245913,https://www.clairvoyant.ai/,Software company
Chamfer Software Technologies,"Labs Centre, Hitech City,Madhapur, Hyderabad, 500081",04044334359,https://business.google.com/create?fp=12764649541530494622&hl=en&authuser=0&gmbsrc=in-en-et-ip-z-gmb-s-z-l~mrc%7Cclaimbz%7Cu&ppsrc=GMBMI&utm_campaign=in-en-et-ip-z-gmb-s-z-l~mrc%7Cclaimbz%7Cu&utm_source=gmb_mrc81&utm_medium=et&getstarted&lis=0,Software company
Finzone Software Solutions,"Hitech City, Madhapur, Hyderabad, Telangana 500081",04067337073,https://finzonesoftwaresolutions.com/,Software company
Algoleap Technologies Pvt Ltd,"500081, HITEC City, Hyderabad, Telangana 500081",-,https://www.algoleap.com/,Software company
Smart IMS India Pvt Ltd,"Road, HITEC City, Hyderabad, Telangana 500081",04044335000,https://www.smartims.com/,Software company
Halcyon Soft Solutions Private Limited,"HUDA Techno Enclave, Hyderabad, Telangana 500081",08003281000,https://www.halcyonit.com/,Software company
BSIT Software Services Pvt. Ltd.- Leading Software Development Company.,"Nagar Extension, Gachibowli, Hyderabad, Telangana 500032",09985222841,https://www.google.com/maps/contrib/115181394622601220822,Software company
iNFINITIVE Software Solutions Pvt Ltd,"500081, Hitech City Rd, Telangana 500081",-,https://support.google.com/contributionpolicy/answer/7400114?ref_topic=7422769,Software company
AR XTLABS,"Hitech City, Madhapur, Hyderabad, Telangana 500081",04048533449,https://arxtlabs.com/,Software company
Lenora IT Solutions Private Ltd.,"City Rd, Whitefields, Kondapur, Telangana 500081",07893330000,https://business.google.com/create?fp=18034140301178351758&hl=en&authuser=0&gmbsrc=in-en-et-ip-z-gmb-s-z-l~mrc%7Cclaimbz%7Cu&ppsrc=GMBMI&utm_campaign=in-en-et-ip-z-gmb-s-z-l~mrc%7Cclaimbz%7Cu&utm_source=gmb_mrc81&utm_medium=et&getstarted&lis=0,Software company
Avezys Software Solutions,"Hyderabad, Telangana 500084, Hyderabad, Telangana 500032",-,https://www.avezys.in/,Software company
Quant Software Solutions,"to Hotel Westin, Hyderabad, Telangana 500081",04043334839,https://business.google.com/create?fp=8290215840468532261&hl=en&authuser=0&gmbsrc=in-en-et-ip-z-gmb-s-z-l~mrc%7Cclaimbz%7Cu&ppsrc=GMBMI&utm_campaign=in-en-et-ip-z-gmb-s-z-l~mrc%7Cclaimbz%7Cu&utm_source=gmb_mrc81&utm_medium=et&getstarted&lis=0,Software company
BLI-BRAIN LAB INDIA,"Whitefields, HITEC City, Kondapur, Telangana 500081",-,https://support.google.com/contributionpolicy/answer/7400114?ref_topic=7422769,Software company
Techweblabs - Mobile App Development Company,"no, Ayyappa Society, Hyderabad, Telangana 500081",07670837961,https://techweblabs.com/contact/,Software company
Velocious Solutions Pvt. Ltd. | Best IT Company in Hyderabad | Best Software Company in Hyderabad,"Kavuri Hills, Madhapur, Hyderabad, Telangana 500081",09849593473,https://forms.gle/E7kebJ9XoGuj5hqV6,Software company
Netrovert Software Pvt. Ltd.,"Cyber Towers, HITEC City, Telangana 500081",-,https://www.netrovert.net/,Software company
